<?xml version="1.0" encoding="UTF-8"?>
<configuration>
    <appender name="STDOUT" class="ch.qos.logback.core.ConsoleAppender">
        <encoder class="net.logstash.logback.encoder.LoggingEventCompositeJsonEncoder">
            <providers>
                <timestamp/>
                <version/>
                <logLevel/>
                <message/>
                <mdc/>
                <stackTrace/>
                <pattern>
                    <pattern>
                        {
                        "request": {
                        "method": "%mdc{http.method:-}",
                        "path": "%mdc{http.path:-}",
                        "address": "%mdc{http.address:-}"
                        },
                        "response": {
                        "status": "%mdc{http.status:-}",
                        "time": "%mdc{http.time:-}"
                        }
                        }
                    </pattern>
                </pattern>
            </providers>
        </encoder>
    </appender>

    <appender name="FILE" class="ch.qos.logback.core.rolling.RollingFileAppender">
        <file>logs/application.log</file>
        <encoder class="net.logstash.logback.encoder.LoggingEventCompositeJsonEncoder">
            <providers>
                <timestamp/>
                <version/>
                <logLevel/>
                <message/>
                <mdc/>
                <stackTrace/>
                <pattern>
                    <pattern>
                        {
                        "request": {
                        "method": "%mdc{http.method:-}",
                        "path": "%mdc{http.path:-}",
                        "address": "%mdc{http.address:-}"
                        },
                        "response": {
                        "status": "%mdc{http.status:-}",
                        "time": "%mdc{http.time:-}"
                        }
                        }
                    </pattern>
                </pattern>
            </providers>
        </encoder>
        <rollingPolicy class="ch.qos.logback.core.rolling.TimeBasedRollingPolicy">
            <fileNamePattern>logs/application.%d{yyyy-MM-dd}.log</fileNamePattern>
            <maxHistory>30</maxHistory>
        </rollingPolicy>
    </appender>

    <root level="INFO">
        <appender-ref ref="STDOUT"/>
        <appender-ref ref="FILE"/>
    </root>
</configuration>

